"Status","Source","Output","SourceBytes","OutputBytes","SavingPercent","Message"
"Converted","C:\Users\limit\Downloads\IMAGEPRO\episode\game_out\greece_achaea_patras_carnival.png","C:\Users\limit\Downloads\IMAGEPRO\episode\game_out-JPG\greece_achaea_patras_carnival.jpg","3794554","504143","86.7",""
"Converted","C:\Users\limit\Downloads\IMAGEPRO\episode\game_out\greece_andros_international_andros_festival.png","C:\Users\limit\Downloads\IMAGEPRO\episode\game_out-JPG\greece_andros_international_andros_festival.jpg","3069681","325999","89.4",""
"Converted","C:\Users\limit\Downloads\IMAGEPRO\episode\game_out\greece_argolis_epidaurus_festival.png","C:\Users\limit\Downloads\IMAGEPRO\episode\game_out-JPG\greece_argolis_epidaurus_festival.jpg","3088029","321762","89.6",""
"Converted","C:\Users\limit\Downloads\IMAGEPRO\episode\game_out\greece_arta_orange_tangerine_kiwi_and_olive_festival.png","C:\Users\limit\Downloads\IMAGEPRO\episode\game_out-JPG\greece_arta_orange_tangerine_kiwi_and_olive_festival.jpg","3759770","472648","87.4",""
"Converted","C:\Users\limit\Downloads\IMAGEPRO\episode\game_out\greece_attica_athens_authentic_marathon.png","C:\Users\limit\Downloads\IMAGEPRO\episode\game_out-JPG\greece_attica_athens_authentic_marathon.jpg","3296728","376656","88.6",""
"Converted","C:\Users\limit\Downloads\IMAGEPRO\episode\game_out\greece_attica_athens_international_tattoo_convention.png","C:\Users\limit\Downloads\IMAGEPRO\episode\game_out-JPG\greece_attica_athens_international_tattoo_convention.jpg","3572541","424705","88.1",""
"Converted","C:\Users\limit\Downloads\IMAGEPRO\episode\game_out\greece_attica_athens_jazz.png","C:\Users\limit\Downloads\IMAGEPRO\episode\game_out-JPG\greece_attica_athens_jazz.jpg","3247000","351845","89.2",""
"Converted","C:\Users\limit\Downloads\IMAGEPRO\episode\game_out\greece_attica_athens_street_food_festival.png","C:\Users\limit\Downloads\IMAGEPRO\episode\game_out-JPG\greece_attica_athens_street_food_festival.jpg","3502624","421015","88",""
"Converted","C:\Users\limit\Downloads\IMAGEPRO\episode\game_out\greece_attica_august_full_moon_under_the_moonlight_sounion.png","C:\Users\limit\Downloads\IMAGEPRO\episode\game_out-JPG\greece_attica_august_full_moon_under_the_moonlight_sounion.jpg","3038589","298671","90.2",""
"Converted","C:\Users\limit\Downloads\IMAGEPRO\episode\game_out\greece_attica_comicdom_con_athens.png","C:\Users\limit\Downloads\IMAGEPRO\episode\game_out-JPG\greece_attica_comicdom_con_athens.jpg","3542688","444937","87.4",""
"Converted","C:\Users\limit\Downloads\IMAGEPRO\episode\game_out\greece_attica_release_athens_festival.png","C:\Users\limit\Downloads\IMAGEPRO\episode\game_out-JPG\greece_attica_release_athens_festival.jpg","3158364","346838","89",""
"Converted","C:\Users\limit\Downloads\IMAGEPRO\episode\game_out\greece_boeotia_athens_flying_week.png","C:\Users\limit\Downloads\IMAGEPRO\episode\game_out-JPG\greece_boeotia_athens_flying_week.jpg","3005071","319024","89.4",""
"Converted","C:\Users\limit\Downloads\IMAGEPRO\episode\game_out\greece_boeotia_gaitanaki_of_livadia.png","C:\Users\limit\Downloads\IMAGEPRO\episode\game_out-JPG\greece_boeotia_gaitanaki_of_livadia.jpg","3563340","448503","87.4",""
"Converted","C:\Users\limit\Downloads\IMAGEPRO\episode\game_out\greece_chalkidiki_sani_festival.png","C:\Users\limit\Downloads\IMAGEPRO\episode\game_out-JPG\greece_chalkidiki_sani_festival.jpg","3348306","365673","89.1",""
"Converted","C:\Users\limit\Downloads\IMAGEPRO\episode\game_out\greece_chios_rouketopolemos.png","C:\Users\limit\Downloads\IMAGEPRO\episode\game_out-JPG\greece_chios_rouketopolemos.jpg","3112959","341969","89",""
"Converted","C:\Users\limit\Downloads\IMAGEPRO\episode\game_out\greece_corfu_corfu_easter.png","C:\Users\limit\Downloads\IMAGEPRO\episode\game_out-JPG\greece_corfu_corfu_easter.jpg","3839503","500952","87",""
"Converted","C:\Users\limit\Downloads\IMAGEPRO\episode\game_out\greece_corinthia_great_days_of_nemea.png","C:\Users\limit\Downloads\IMAGEPRO\episode\game_out-JPG\greece_corinthia_great_days_of_nemea.jpg","3400935","403075","88.1",""
"Converted","C:\Users\limit\Downloads\IMAGEPRO\episode\game_out\greece_drama_drama_international_short_film_festival.png","C:\Users\limit\Downloads\IMAGEPRO\episode\game_out-JPG\greece_drama_drama_international_short_film_festival.jpg","3148694","356210","88.7",""
"Converted","C:\Users\limit\Downloads\IMAGEPRO\episode\game_out\greece_evros_ardas_festival.png","C:\Users\limit\Downloads\IMAGEPRO\episode\game_out-JPG\greece_evros_ardas_festival.jpg","3845716","499876","87",""
"Converted","C:\Users\limit\Downloads\IMAGEPRO\episode\game_out\greece_florina_fires_of_florina.png","C:\Users\limit\Downloads\IMAGEPRO\episode\game_out-JPG\greece_florina_fires_of_florina.jpg","3229708","366403","88.7",""
"Converted","C:\Users\limit\Downloads\IMAGEPRO\episode\game_out\greece_grevena_panhellenic_mushroom_festival.png","C:\Users\limit\Downloads\IMAGEPRO\episode\game_out-JPG\greece_grevena_panhellenic_mushroom_festival.jpg","3463679","417377","87.9",""
"Converted","C:\Users\limit\Downloads\IMAGEPRO\episode\game_out\greece_heraklion_matala_beach_festival.png","C:\Users\limit\Downloads\IMAGEPRO\episode\game_out-JPG\greece_heraklion_matala_beach_festival.jpg","3314373","382824","88.4",""
"Converted","C:\Users\limit\Downloads\IMAGEPRO\episode\game_out\greece_ikaria_langada_august_panigyri.png","C:\Users\limit\Downloads\IMAGEPRO\episode\game_out-JPG\greece_ikaria_langada_august_panigyri.jpg","3371099","400864","88.1",""
"Converted","C:\Users\limit\Downloads\IMAGEPRO\episode\game_out\greece_imathia_genitsaroi_and_boules_of_naoussa.png","C:\Users\limit\Downloads\IMAGEPRO\episode\game_out-JPG\greece_imathia_genitsaroi_and_boules_of_naoussa.jpg","3473605","415329","88",""
"Converted","C:\Users\limit\Downloads\IMAGEPRO\episode\game_out\greece_ioannina_zagori_mountain_running.png","C:\Users\limit\Downloads\IMAGEPRO\episode\game_out-JPG\greece_ioannina_zagori_mountain_running.jpg","3573086","453386","87.3",""
"Converted","C:\Users\limit\Downloads\IMAGEPRO\episode\game_out\greece_kalymnos_kalymnos_climbing_festival.png","C:\Users\limit\Downloads\IMAGEPRO\episode\game_out-JPG\greece_kalymnos_kalymnos_climbing_festival.jpg","3836245","466382","87.8",""
"Converted","C:\Users\limit\Downloads\IMAGEPRO\episode\game_out\greece_karditsa_plastiras_lake_festival.png","C:\Users\limit\Downloads\IMAGEPRO\episode\game_out-JPG\greece_karditsa_plastiras_lake_festival.jpg","3319743","381952","88.5",""
"Converted","C:\Users\limit\Downloads\IMAGEPRO\episode\game_out\greece_kastellorizo_beyond_borders_international_documentary_festival.png","C:\Users\limit\Downloads\IMAGEPRO\episode\game_out-JPG\greece_kastellorizo_beyond_borders_international_documentary_festival.jpg","3435760","402829","88.3",""
"Converted","C:\Users\limit\Downloads\IMAGEPRO\episode\game_out\greece_kastoria_ragoutsaria.png","C:\Users\limit\Downloads\IMAGEPRO\episode\game_out-JPG\greece_kastoria_ragoutsaria.jpg","3206314","363581","88.7",""
"Converted","C:\Users\limit\Downloads\IMAGEPRO\episode\game_out\greece_kozani_fanoi_of_kozani_carnival.png","C:\Users\limit\Downloads\IMAGEPRO\episode\game_out-JPG\greece_kozani_fanoi_of_kozani_carnival.jpg","3225399","348277","89.2",""
"Converted","C:\Users\limit\Downloads\IMAGEPRO\episode\game_out\greece_laconia_spartathlon_finish_in_sparta.png","C:\Users\limit\Downloads\IMAGEPRO\episode\game_out-JPG\greece_laconia_spartathlon_finish_in_sparta.jpg","3323634","385870","88.4",""
"Converted","C:\Users\limit\Downloads\IMAGEPRO\episode\game_out\greece_lasithi_agios_nikolaos_cliff_diving.png","C:\Users\limit\Downloads\IMAGEPRO\episode\game_out-JPG\greece_lasithi_agios_nikolaos_cliff_diving.jpg","3618884","441263","87.8",""
"Converted","C:\Users\limit\Downloads\IMAGEPRO\episode\game_out\greece_lesvos_lesvos_ouzo_festival.png","C:\Users\limit\Downloads\IMAGEPRO\episode\game_out-JPG\greece_lesvos_lesvos_ouzo_festival.jpg","3516562","431133","87.7",""
"Converted","C:\Users\limit\Downloads\IMAGEPRO\episode\game_out\greece_magnesia_international_pelion_festival.png","C:\Users\limit\Downloads\IMAGEPRO\episode\game_out-JPG\greece_magnesia_international_pelion_festival.jpg","3563858","432922","87.9",""
"Converted","C:\Users\limit\Downloads\IMAGEPRO\episode\game_out\greece_messenia_kalamata_international_dance_festival.png","C:\Users\limit\Downloads\IMAGEPRO\episode\game_out-JPG\greece_messenia_kalamata_international_dance_festival.jpg","2824782","258680","90.8",""
"Converted","C:\Users\limit\Downloads\IMAGEPRO\episode\game_out\greece_mykonos_mykonos_art_festival.png","C:\Users\limit\Downloads\IMAGEPRO\episode\game_out-JPG\greece_mykonos_mykonos_art_festival.jpg","3280981","358833","89.1",""
"Converted","C:\Users\limit\Downloads\IMAGEPRO\episode\game_out\greece_pella_pozar_festival.png","C:\Users\limit\Downloads\IMAGEPRO\episode\game_out-JPG\greece_pella_pozar_festival.jpg","3083736","319212","89.6",""
"Converted","C:\Users\limit\Downloads\IMAGEPRO\episode\game_out\greece_phocis_galaxidi_flour_war.png","C:\Users\limit\Downloads\IMAGEPRO\episode\game_out-JPG\greece_phocis_galaxidi_flour_war.jpg","3585134","436943","87.8",""
"Converted","C:\Users\limit\Downloads\IMAGEPRO\episode\game_out\greece_pieria_olympus_festival.png","C:\Users\limit\Downloads\IMAGEPRO\episode\game_out-JPG\greece_pieria_olympus_festival.jpg","3208085","353744","89",""
"Converted","C:\Users\limit\Downloads\IMAGEPRO\episode\game_out\greece_santorini_ifestia_volcano_festival.png","C:\Users\limit\Downloads\IMAGEPRO\episode\game_out-JPG\greece_santorini_ifestia_volcano_festival.jpg","2760162","251158","90.9",""
"Converted","C:\Users\limit\Downloads\IMAGEPRO\episode\game_out\greece_sifnos_cycladic_gastronomy_festival.png","C:\Users\limit\Downloads\IMAGEPRO\episode\game_out-JPG\greece_sifnos_cycladic_gastronomy_festival.jpg","3529403","407956","88.4",""
"Converted","C:\Users\limit\Downloads\IMAGEPRO\episode\game_out\greece_skyros_skyros_carnival.png","C:\Users\limit\Downloads\IMAGEPRO\episode\game_out-JPG\greece_skyros_skyros_carnival.jpg","3724372","460574","87.6",""
"Converted","C:\Users\limit\Downloads\IMAGEPRO\episode\game_out\greece_spetses_armata_festival.png","C:\Users\limit\Downloads\IMAGEPRO\episode\game_out-JPG\greece_spetses_armata_festival.jpg","3192832","356197","88.8",""
"Converted","C:\Users\limit\Downloads\IMAGEPRO\episode\game_out\greece_syros_animasyros_international_animation_festival.png","C:\Users\limit\Downloads\IMAGEPRO\episode\game_out-JPG\greece_syros_animasyros_international_animation_festival.jpg","3551259","438885","87.6",""
"Converted","C:\Users\limit\Downloads\IMAGEPRO\episode\game_out\greece_thessaloniki_thessaloniki_international_book_fair.png","C:\Users\limit\Downloads\IMAGEPRO\episode\game_out-JPG\greece_thessaloniki_thessaloniki_international_book_fair.jpg","3249742","376686","88.4",""
"Converted","C:\Users\limit\Downloads\IMAGEPRO\episode\game_out\greece_thessaloniki_thessaloniki_international_film_festival.png","C:\Users\limit\Downloads\IMAGEPRO\episode\game_out-JPG\greece_thessaloniki_thessaloniki_international_film_festival.jpg","3337745","348806","89.5",""
"Converted","C:\Users\limit\Downloads\IMAGEPRO\episode\game_out\greece_tinos_dormition_pilgrimage.png","C:\Users\limit\Downloads\IMAGEPRO\episode\game_out-JPG\greece_tinos_dormition_pilgrimage.jpg","3394782","401535","88.2",""
"Converted","C:\Users\limit\Downloads\IMAGEPRO\episode\game_out\greece_trikala_mill_of_the_elves.png","C:\Users\limit\Downloads\IMAGEPRO\episode\game_out-JPG\greece_trikala_mill_of_the_elves.jpg","3640030","445292","87.8",""
"Converted","C:\Users\limit\Downloads\IMAGEPRO\episode\game_out\greece_xanthi_xanthi_carnival.png","C:\Users\limit\Downloads\IMAGEPRO\episode\game_out-JPG\greece_xanthi_xanthi_carnival.jpg","3775977","489308","87",""
"Converted","C:\Users\limit\Downloads\IMAGEPRO\episode\game_out\greece_zakynthos_venetian_wedding_carnival.png","C:\Users\limit\Downloads\IMAGEPRO\episode\game_out-JPG\greece_zakynthos_venetian_wedding_carnival.jpg","3298036","383697","88.4",""
